date,month,region,country,industry,customer_id,customer_name,customer_type,product_module,deployment_mode,new_customer_flag,active_customer_flag,paying_customer_flag,api_calls,token_usage,agent_count,knowledge_base_count,revenue_usd,refund_usd,renewal_status,compliance_ticket_count,net_revenue_usd,api_calls_k,revenue_per_1k_calls,ticket_density_per_10k_calls,high_value_customer_flag
2026-01-01,2026-01,东南亚,新加坡,游戏出海,CUST_001,东南_金融_001,重点客户,企业知识库问答,混合云部署,1,1,0,16795,638210,15,11,691.75,41.29,流失,2,650.46,16.795,38.72938374516225,1.1908306043465318,0
2026-02-01,2026-02,东南亚,新加坡,游戏出海,CUST_001,东南_金融_001,重点客户,企业知识库问答,公有云API调用,0,1,1,48191,2168595,8,24,1736.59,9.8,未到期,1,1726.79,48.191,35.83220933369301,0.20750762590525204,1
2026-03-01,2026-03,东南亚,新加坡,游戏出海,CUST_001,东南_金融_001,重点客户,经营分析助手,私有化/专属部署,0,0,1,6311,189330,1,12,217.52,0.15,流失,6,217.37,6.311,34.443035968943114,9.50720963397243,0
2026-04-01,2026-04,东南亚,新加坡,游戏出海,CUST_001,东南_金融_001,重点客户,经营分析助手,混合云部署,0,1,1,19431,718947,16,15,548.79,43.09,未到期,7,505.69999999999993,19.431,26.025423292676646,3.602490865112449,0
2026-05-01,2026-05,东南亚,新加坡,游戏出海,CUST_001,东南_金融_001,重点客户,智能客服Agent,公有云API调用,0,1,1,12394,570124,19,7,208.48,1.36,流失,1,207.11999999999998,12.394,16.71131192512506,0.8068420203324189,0
2026-06-01,2026-06,东南亚,新加坡,游戏出海,CUST_001,东南_金融_001,重点客户,合同审查助手,公有云API调用,0,1,1,44001,792018,2,20,864.22,59.05,已续费,2,805.1700000000001,44.001,18.298902297675056,0.45453512420172265,0
2026-01-01,2026-01,欧洲,德国,跨境电商,CUST_002,欧洲_Sa_002,试用客户,企业知识库问答,专属资源包,1,1,1,15541,404066,4,18,567.26,17.68,试用中,5,549.58,15.541,35.363232739205976,3.217296184286725,0
2026-02-01,2026-02,欧洲,德国,跨境电商,CUST_002,欧洲_Sa_002,试用客户,经营分析助手,专属资源包,0,1,1,10692,288684,12,2,275.92,25.57,流失,5,250.35000000000002,10.692,23.41470258136925,4.676393565282455,0
2026-03-01,2026-03,欧洲,德国,跨境电商,CUST_002,欧洲_Sa_002,试用客户,企业知识库问答,私有化/专属部署,0,1,1,26851,1315699,16,13,559.95,46.41,流失,3,513.5400000000001,26.851,19.12554467245168,1.117276823954415,0
2026-04-01,2026-04,欧洲,德国,跨境电商,CUST_002,欧洲_Sa_002,试用客户,企业知识库问答,公有云API调用,0,1,0,40976,1557088,15,13,531.95,52.5,流失,7,479.45000000000005,40.976,11.700751659508006,1.7083170636470129,0
2026-05-01,2026-05,欧洲,德国,跨境电商,CUST_002,欧洲_Sa_002,试用客户,大模型统一调用,公有云API调用,0,1,1,49190,983800,19,17,1891.54,149.46,未到期,1,1742.08,49.19,35.415328318763976,0.20329335230737958,1
2026-06-01,2026-06,欧洲,德国,跨境电商,CUST_002,欧洲_Sa_002,试用客户,大模型统一调用,公有云API调用,0,0,1,39952,1478224,7,9,1395.6,46.18,未到期,7,1349.4199999999998,39.952,33.77603123748498,1.752102523027633,1
2026-01-01,2026-01,东南亚,新加坡,游戏出海,CUST_003,东南_跨境_003,重点客户,企业知识库问答,专属资源包,1,1,1,31818,1559082,3,1,805.54,78.28,流失,6,727.26,31.818,22.856873467848388,1.8857250612860645,0
2026-02-01,2026-02,东南亚,新加坡,游戏出海,CUST_003,东南_跨境_003,重点客户,经营分析助手,混合云部署,0,0,0,7910,181930,7,27,244.49,10.45,已续费,6,234.04000000000002,7.91,29.58786346396966,7.585335018963337,0
2026-03-01,2026-03,东南亚,新加坡,游戏出海,CUST_003,东南_跨境_003,重点客户,经营分析助手,公有云API调用,0,1,1,42523,1743443,4,5,849.26,34.85,已续费,7,814.41,42.523,19.152223502575076,1.646167956164899,0
2026-04-01,2026-04,东南亚,新加坡,游戏出海,CUST_003,东南_跨境_003,重点客户,经营分析助手,公有云API调用,0,1,1,17198,533138,2,10,727.9,46.11,流失,3,681.79,17.198,39.64356320502384,1.7443888824281892,0
2026-05-01,2026-05,东南亚,新加坡,游戏出海,CUST_003,东南_跨境_003,重点客户,合同审查助手,混合云部署,0,1,1,26939,1050621,11,26,400.95,14.29,待续费,2,386.65999999999997,26.939,14.353168269052302,0.7424180556071123,0
2026-06-01,2026-06,东南亚,新加坡,游戏出海,CUST_003,东南_跨境_003,重点客户,经营分析助手,混合云部署,0,1,1,7776,171072,9,3,79.92,4.08,已续费,2,75.84,7.776,9.753086419753087,2.57201646090535,0
2026-01-01,2026-01,拉美,巴西,游戏出海,CUST_004,拉美_Sa_004,试用客户,企业知识库问答,私有化/专属部署,1,1,1,14545,479985,15,27,333.49,17.3,已续费,0,316.19,14.545,21.738741835682365,0.0,0
2026-02-01,2026-02,拉美,巴西,游戏出海,CUST_004,拉美_Sa_004,试用客户,智能客服Agent,公有云API调用,0,1,1,40353,847413,7,2,1553.22,23.0,待续费,1,1530.22,40.353,37.92084851188263,0.2478130498352043,1
2026-03-01,2026-03,拉美,巴西,游戏出海,CUST_004,拉美_Sa_004,试用客户,智能客服Agent,公有云API调用,0,1,1,38505,1424685,5,1,1362.08,92.72,试用中,5,1269.36,38.505,32.96610829762368,1.2985326580963512,1
2026-04-01,2026-04,拉美,巴西,游戏出海,CUST_004,拉美_Sa_004,试用客户,经营分析助手,专属资源包,0,1,1,22919,297947,11,24,447.05,32.55,未到期,5,414.5,22.919,18.085431301540208,2.1815960556743312,0
2026-05-01,2026-05,拉美,巴西,游戏出海,CUST_004,拉美_Sa_004,试用客户,大模型统一调用,公有云API调用,0,1,0,24509,490180,16,16,1063.99,34.13,已续费,3,1029.86,24.509,42.01966624505283,1.2240401485168715,0
2026-06-01,2026-06,拉美,巴西,游戏出海,CUST_004,拉美_Sa_004,试用客户,智能客服Agent,公有云API调用,0,1,0,3811,171495,19,26,116.17,2.63,已续费,0,113.54,3.811,29.792705326685912,0.0,0
2026-01-01,2026-01,欧洲,荷兰,金融科技,CUST_005,欧洲_Sa_005,战略客户,经营分析助手,公有云API调用,1,1,1,19343,928464,18,8,299.83,10.23,试用中,5,289.59999999999997,19.343,14.971824432611278,2.5849144393320582,0
2026-02-01,2026-02,欧洲,荷兰,金融科技,CUST_005,欧洲_Sa_005,战略客户,企业知识库问答,公有云API调用,0,1,1,31306,500896,16,26,1542.97,79.72,试用中,5,1463.25,31.306,46.740241487254835,1.597137928831534,1
2026-03-01,2026-03,欧洲,荷兰,金融科技,CUST_005,欧洲_Sa_005,战略客户,智能客服Agent,混合云部署,0,1,1,21932,1008872,9,9,525.67,38.16,试用中,7,487.51,21.932,22.228250957505015,3.191683385008207,0
2026-04-01,2026-04,欧洲,荷兰,金融科技,CUST_005,欧洲_Sa_005,战略客户,大模型统一调用,私有化/专属部署,0,1,1,13183,263660,17,8,545.96,36.52,待续费,0,509.44000000000005,13.183,38.6437078055071,0.0,0
2026-05-01,2026-05,欧洲,荷兰,金融科技,CUST_005,欧洲_Sa_005,战略客户,企业知识库问答,私有化/专属部署,0,1,1,17482,594388,18,14,558.54,38.65,已续费,0,519.89,17.482,29.738588262212563,0.0,0
2026-06-01,2026-06,欧洲,荷兰,金融科技,CUST_005,欧洲_Sa_005,战略客户,合同审查助手,混合云部署,0,1,1,39467,1657614,14,21,676.97,24.81,已续费,7,652.1600000000001,39.467,16.524184761953027,1.7736336686345555,0
2026-01-01,2026-01,欧洲,荷兰,金融科技,CUST_006,欧洲_金融_006,重点客户,合同审查助手,混合云部署,1,1,1,45064,946344,19,22,928.68,22.66,待续费,5,906.02,45.064,20.10518373868276,1.1095331084679567,0
2026-02-01,2026-02,欧洲,荷兰,金融科技,CUST_006,欧洲_金融_006,重点客户,智能客服Agent,公有云API调用,0,1,0,6895,248220,2,21,207.58,11.98,流失,4,195.60000000000002,6.895,28.368382886149387,5.8013052936910805,0
2026-03-01,2026-03,欧洲,荷兰,金融科技,CUST_006,欧洲_金融_006,重点客户,大模型统一调用,公有云API调用,0,1,1,10007,280196,4,3,407.71,1.78,未到期,5,405.93,10.007,40.564604776656346,4.9965024482862,0
2026-04-01,2026-04,欧洲,荷兰,金融科技,CUST_006,欧洲_金融_006,重点客户,大模型统一调用,专属资源包,0,1,1,37212,558180,3,28,395.13,36.68,试用中,2,358.45,37.212,9.632645383209717,0.5374610340750295,0
2026-05-01,2026-05,欧洲,荷兰,金融科技,CUST_006,欧洲_金融_006,重点客户,合同审查助手,专属资源包,0,1,1,1699,71358,1,3,28.51,1.59,待续费,7,26.92,1.699,15.844614479105356,41.20070629782225,0
2026-06-01,2026-06,欧洲,荷兰,金融科技,CUST_006,欧洲_金融_006,重点客户,智能客服Agent,专属资源包,0,1,1,37631,1542871,15,22,916.16,23.29,待续费,7,892.87,37.631,23.726980415083307,1.8601684781164465,0
2026-01-01,2026-01,欧洲,英国,跨境电商,CUST_007,欧洲_跨境_007,试用客户,合同审查助手,专属资源包,1,1,1,41864,753552,11,22,1020.63,29.96,流失,0,990.67,41.864,23.66400726160902,0.0,0
2026-02-01,2026-02,欧洲,英国,跨境电商,CUST_007,欧洲_跨境_007,试用客户,大模型统一调用,私有化/专属部署,0,0,1,11647,256234,7,25,408.99,7.95,试用中,5,401.04,11.647,34.432901176268565,4.292950974499871,0
2026-03-01,2026-03,欧洲,英国,跨境电商,CUST_007,欧洲_跨境_007,试用客户,大模型统一调用,公有云API调用,0,1,1,26547,849504,15,28,880.16,38.59,试用中,1,841.5699999999999,26.547,31.701133838098464,0.3766903981617509,0
2026-04-01,2026-04,欧洲,英国,跨境电商,CUST_007,欧洲_跨境_007,试用客户,合同审查助手,公有云API调用,0,1,1,23677,733987,17,20,273.55,8.3,已续费,7,265.25,23.677,11.20285509143895,2.956455632047979,0
2026-05-01,2026-05,欧洲,英国,跨境电商,CUST_007,欧洲_跨境_007,试用客户,合同审查助手,公有云API调用,0,1,1,20508,287112,7,4,895.81,17.41,未到期,7,878.4,20.508,42.83206553540082,3.4133021259996097,0
2026-06-01,2026-06,欧洲,英国,跨境电商,CUST_007,欧洲_跨境_007,试用客户,大模型统一调用,专属资源包,0,1,1,8987,224675,13,18,275.47,8.9,待续费,3,266.57000000000005,8.987,29.661733615221994,3.3381551129409144,0
2026-01-01,2026-01,东南亚,马来西亚,SaaS软件,CUST_008,东南_金融_008,普通客户,合同审查助手,专属资源包,1,1,1,38945,1363075,5,26,1889.06,157.92,待续费,1,1731.1399999999999,38.945,44.45089228399024,0.2567723712928489,1
2026-02-01,2026-02,东南亚,马来西亚,SaaS软件,CUST_008,东南_金融_008,普通客户,企业知识库问答,私有化/专属部署,0,1,1,30305,303050,15,2,593.72,5.57,试用中,0,588.15,30.305,19.407688500247485,0.0,0
2026-03-01,2026-03,东南亚,马来西亚,SaaS软件,CUST_008,东南_金融_008,普通客户,经营分析助手,私有化/专属部署,0,1,0,4343,208464,5,22,170.25,0.81,未到期,5,169.44,4.343,39.014506101772966,11.512779184895233,0
2026-04-01,2026-04,东南亚,马来西亚,SaaS软件,CUST_008,东南_金融_008,普通客户,智能客服Agent,混合云部署,0,1,1,20128,764864,14,28,238.32,0.97,待续费,3,237.35,20.128,11.792031001589825,1.4904610492845787,0
2026-05-01,2026-05,东南亚,马来西亚,SaaS软件,CUST_008,东南_金融_008,普通客户,智能客服Agent,公有云API调用,0,1,1,44919,1572165,16,21,1299.91,22.51,待续费,1,1277.4,44.919,28.43785480531624,0.22262294352055922,1
2026-06-01,2026-06,东南亚,马来西亚,SaaS软件,CUST_008,东南_金融_008,普通客户,企业知识库问答,私有化/专属部署,0,1,1,15069,210966,4,2,307.95,0.47,已续费,7,307.47999999999996,15.069,20.404804565664605,4.645298294511912,0
2026-01-01,2026-01,东南亚,泰国,跨境电商,CUST_009,东南_Sa_009,试用客户,经营分析助手,混合云部署,1,1,1,10540,137020,16,24,503.34,47.53,试用中,3,455.80999999999995,10.54,43.24573055028463,2.846299810246679,0
2026-02-01,2026-02,东南亚,泰国,跨境电商,CUST_009,东南_Sa_009,试用客户,智能客服Agent,公有云API调用,0,1,1,19071,400491,18,3,681.44,31.23,未到期,2,650.21,19.071,34.09417440092287,1.048712705154423,0
2026-03-01,2026-03,东南亚,泰国,跨境电商,CUST_009,东南_Sa_009,试用客户,企业知识库问答,公有云API调用,0,1,1,33320,1399440,8,10,608.67,16.68,待续费,4,591.99,33.32,17.766806722689076,1.2004801920768309,0
2026-04-01,2026-04,东南亚,泰国,跨境电商,CUST_009,东南_Sa_009,试用客户,大模型统一调用,专属资源包,0,0,1,28122,1237368,17,26,640.03,54.07,流失,0,585.9599999999999,28.122,20.83635587796031,0.0,0
2026-05-01,2026-05,东南亚,泰国,跨境电商,CUST_009,东南_Sa_009,试用客户,企业知识库问答,公有云API调用,0,1,1,21358,277654,18,13,1013.78,3.97,待续费,3,1009.81,21.358,47.28017604644629,1.40462590130162,0
2026-06-01,2026-06,东南亚,泰国,跨境电商,CUST_009,东南_Sa_009,试用客户,合同审查助手,公有云API调用,0,1,1,45425,2089550,9,24,1920.27,190.2,待续费,6,1730.07,45.425,38.0862960924601,1.3208585580627406,1
2026-01-01,2026-01,东南亚,马来西亚,金融科技,CUST_010,东南_Sa_010,重点客户,企业知识库问答,专属资源包,1,1,0,35911,1185063,5,12,975.33,73.23,未到期,0,902.1,35.911,25.12043663501434,0.0,0
2026-02-01,2026-02,东南亚,马来西亚,金融科技,CUST_010,东南_Sa_010,重点客户,合同审查助手,混合云部署,0,1,0,45912,1331448,16,25,1046.88,93.75,试用中,0,953.1300000000001,45.912,20.75993204391009,0.0,0
2026-03-01,2026-03,东南亚,马来西亚,金融科技,CUST_010,东南_Sa_010,重点客户,企业知识库问答,专属资源包,0,1,1,25466,534786,9,7,1229.3,83.2,已续费,7,1146.1,25.466,45.005104845676584,2.7487630566245187,1
2026-04-01,2026-04,东南亚,马来西亚,金融科技,CUST_010,东南_Sa_010,重点客户,企业知识库问答,混合云部署,0,1,1,22364,313096,3,12,517.65,34.81,未到期,0,482.84,22.364,21.590055446252904,0.0,0
2026-05-01,2026-05,东南亚,马来西亚,金融科技,CUST_010,东南_Sa_010,重点客户,企业知识库问答,私有化/专属部署,0,1,0,2062,98976,14,26,57.04,5.06,流失,3,51.98,2.062,25.208535402521825,14.54898157129001,0
2026-06-01,2026-06,东南亚,马来西亚,金融科技,CUST_010,东南_Sa_010,重点客户,企业知识库问答,私有化/专属部署,0,1,0,49136,933584,12,17,690.11,5.8,已续费,1,684.3100000000001,49.136,13.92685607294041,0.20351676978183003,0
2026-01-01,2026-01,东南亚,新加坡,金融科技,CUST_011,东南_游戏_011,战略客户,智能客服Agent,混合云部署,1,1,1,24322,267542,5,29,325.76,32.14,未到期,3,293.62,24.322,12.07219801003207,1.2334511964476607,0
2026-02-01,2026-02,东南亚,新加坡,金融科技,CUST_011,东南_游戏_011,战略客户,经营分析助手,专属资源包,0,1,1,27256,436096,13,4,654.38,46.34,已续费,6,608.04,27.256,22.308482535955385,2.201350161432345,0
2026-03-01,2026-03,东南亚,新加坡,金融科技,CUST_011,东南_游戏_011,战略客户,经营分析助手,私有化/专属部署,0,1,1,26289,920115,19,7,719.74,18.26,待续费,3,701.48,26.289,26.68340370497166,1.1411617026132603,0
2026-04-01,2026-04,东南亚,新加坡,金融科技,CUST_011,东南_游戏_011,战略客户,企业知识库问答,专属资源包,0,1,1,14116,677568,1,3,470.55,45.28,未到期,7,425.27,14.116,30.126806460753755,4.958911873051856,0
2026-05-01,2026-05,东南亚,新加坡,金融科技,CUST_011,东南_游戏_011,战略客户,企业知识库问答,混合云部署,0,0,1,18312,860664,6,26,192.02,18.62,待续费,5,173.4,18.312,9.469200524246396,2.7304499781564004,0
2026-06-01,2026-06,东南亚,新加坡,金融科技,CUST_011,东南_游戏_011,战略客户,合同审查助手,公有云API调用,0,1,1,28860,577200,5,4,927.97,89.95,待续费,5,838.02,28.86,29.037422037422036,1.7325017325017324,0
2026-01-01,2026-01,欧洲,德国,金融科技,CUST_012,欧洲_教育_012,试用客户,合同审查助手,混合云部署,1,1,1,43356,520272,16,23,512.37,14.4,试用中,3,497.97,43.356,11.485607528369776,0.691945751453086,0
2026-02-01,2026-02,欧洲,德国,金融科技,CUST_012,欧洲_教育_012,试用客户,合同审查助手,公有云API调用,0,1,1,24959,923483,8,26,437.4,20.28,未到期,3,417.12,24.959,16.712208021154694,1.201971232821828,0
2026-03-01,2026-03,欧洲,德国,金融科技,CUST_012,欧洲_教育_012,试用客户,合同审查助手,专属资源包,0,1,0,38732,1742940,17,9,866.86,70.54,试用中,5,796.32,38.732,20.55974388102861,1.2909222348445728,0
2026-04-01,2026-04,欧洲,德国,金融科技,CUST_012,欧洲_教育_012,试用客户,合同审查助手,公有云API调用,0,1,1,46445,1254015,19,5,1604.05,67.09,未到期,4,1536.96,46.445,33.092044353536444,0.8612337173000323,1
2026-05-01,2026-05,欧洲,德国,金融科技,CUST_012,欧洲_教育_012,试用客户,大模型统一调用,混合云部署,0,1,1,38892,1633464,1,18,1924.81,28.95,待续费,5,1895.86,38.892,48.746785971407995,1.2856114367993416,1
2026-06-01,2026-06,欧洲,德国,金融科技,CUST_012,欧洲_教育_012,试用客户,合同审查助手,混合云部署,0,1,0,7970,286920,17,13,99.95,0.37,试用中,6,99.58,7.97,12.49435382685069,7.528230865746549,0
2026-01-01,2026-01,北美,美国,金融科技,CUST_013,北美_金融_013,重点客户,大模型统一调用,公有云API调用,1,1,1,30189,1116993,17,5,1509.11,150.4,流失,4,1358.7099999999998,30.189,45.00679055285037,1.3249859220245785,1
2026-02-01,2026-02,北美,美国,金融科技,CUST_013,北美_金融_013,重点客户,大模型统一调用,专属资源包,0,1,1,5809,110371,19,17,114.11,2.34,待续费,3,111.77,5.809,19.240833189877776,5.164400068858668,0
2026-03-01,2026-03,北美,美国,金融科技,CUST_013,北美_金融_013,重点客户,智能客服Agent,混合云部署,0,1,1,22949,229490,17,8,796.91,28.54,未到期,1,768.37,22.949,33.48163318663122,0.435748834371868,0
2026-04-01,2026-04,北美,美国,金融科技,CUST_013,北美_金融_013,重点客户,大模型统一调用,专属资源包,0,0,1,44125,529500,18,12,1882.17,182.19,待续费,0,1699.98,44.125,38.52645892351275,0.0,1
2026-05-01,2026-05,北美,美国,金融科技,CUST_013,北美_金融_013,重点客户,经营分析助手,公有云API调用,0,1,0,20198,646336,15,5,703.14,49.51,待续费,3,653.63,20.198,32.361124863847905,1.48529557381919,0
2026-06-01,2026-06,北美,美国,金融科技,CUST_013,北美_金融_013,重点客户,大模型统一调用,私有化/专属部署,0,0,1,40649,1910503,18,2,1441.65,79.98,未到期,0,1361.67,40.649,33.498241039139955,0.0,1
2026-01-01,2026-01,北美,美国,游戏出海,CUST_014,北美_Sa_014,重点客户,合同审查助手,私有化/专属部署,1,1,1,32703,784872,10,19,1239.63,98.73,流失,0,1140.9,32.703,34.88670764150078,0.0,1
2026-02-01,2026-02,北美,美国,游戏出海,CUST_014,北美_Sa_014,重点客户,合同审查助手,混合云部署,0,1,1,20963,607927,5,2,730.19,25.37,待续费,2,704.82,20.963,33.622096074035206,0.9540619186185184,0
2026-03-01,2026-03,北美,美国,游戏出海,CUST_014,北美_Sa_014,重点客户,大模型统一调用,专属资源包,0,1,1,7254,232128,16,11,112.82,7.23,已续费,2,105.58999999999999,7.254,14.556106975461814,2.7570995312930795,0
2026-04-01,2026-04,北美,美国,游戏出海,CUST_014,北美_Sa_014,重点客户,经营分析助手,混合云部署,0,1,1,19271,231252,18,29,340.93,1.39,已续费,4,339.54,19.271,17.619220590524623,2.0756577240413057,0
2026-05-01,2026-05,北美,美国,游戏出海,CUST_014,北美_Sa_014,重点客户,大模型统一调用,私有化/专属部署,0,1,0,24061,721830,6,1,754.96,26.88,流失,1,728.08,24.061,30.259756452350278,0.4156103237604422,0
2026-06-01,2026-06,北美,美国,游戏出海,CUST_014,北美_Sa_014,重点客户,大模型统一调用,公有云API调用,0,0,1,47892,1724112,9,26,2010.33,126.23,待续费,6,1884.1,47.892,39.34059968261922,1.2528188423953897,1
2026-01-01,2026-01,欧洲,荷兰,金融科技,CUST_015,欧洲_教育_015,重点客户,合同审查助手,专属资源包,1,1,1,5432,190120,4,1,72.68,4.34,流失,7,68.34,5.432,12.58100147275405,12.88659793814433,0
2026-02-01,2026-02,欧洲,荷兰,金融科技,CUST_015,欧洲_教育_015,重点客户,大模型统一调用,私有化/专属部署,0,1,0,46781,1075963,14,24,1816.07,11.32,流失,2,1804.75,46.781,38.578696479339904,0.4275239947842073,1
2026-03-01,2026-03,欧洲,荷兰,金融科技,CUST_015,欧洲_教育_015,重点客户,经营分析助手,混合云部署,0,1,1,19030,608960,14,11,595.34,6.38,已续费,6,588.96,19.03,30.949027850761954,3.1529164477141354,0
2026-04-01,2026-04,欧洲,荷兰,金融科技,CUST_015,欧洲_教育_015,重点客户,大模型统一调用,混合云部署,0,1,1,47271,1607214,5,28,510.66,16.45,已续费,3,494.21000000000004,47.271,10.454824310888283,0.6346385733324872,0
2026-05-01,2026-05,欧洲,荷兰,金融科技,CUST_015,欧洲_教育_015,重点客户,智能客服Agent,私有化/专属部署,0,1,1,5632,146432,13,20,163.1,5.79,试用中,3,157.31,5.632,27.93146306818182,5.326704545454545,0
2026-06-01,2026-06,欧洲,荷兰,金融科技,CUST_015,欧洲_教育_015,重点客户,大模型统一调用,私有化/专属部署,0,1,1,27069,1163967,15,8,905.77,51.13,未到期,3,854.64,27.069,31.572647678155825,1.108278842956888,0
2026-01-01,2026-01,北美,美国,跨境电商,CUST_016,北美_游戏_016,普通客户,企业知识库问答,私有化/专属部署,1,1,0,49447,2126221,13,6,1692.62,40.15,已续费,6,1652.4699999999998,49.447,33.41901429813739,1.2134204299553057,1
2026-02-01,2026-02,北美,美国,跨境电商,CUST_016,北美_游戏_016,普通客户,企业知识库问答,专属资源包,0,1,1,7767,100971,11,24,356.28,2.86,未到期,3,353.41999999999996,7.767,45.50276812153984,3.8624951718810356,0
2026-03-01,2026-03,北美,美国,跨境电商,CUST_016,北美_游戏_016,普通客户,智能客服Agent,专属资源包,0,0,1,10111,404440,6,2,334.07,30.65,流失,5,303.42,10.111,30.008901196716447,4.94510928691524,0
2026-04-01,2026-04,北美,美国,跨境电商,CUST_016,北美_游戏_016,普通客户,大模型统一调用,公有云API调用,0,1,1,19935,936945,19,25,772.25,41.32,流失,4,730.93,19.935,36.665663406069726,2.0065211938801104,0
2026-05-01,2026-05,北美,美国,跨境电商,CUST_016,北美_游戏_016,普通客户,经营分析助手,专属资源包,0,1,1,7469,261415,4,19,134.29,9.89,流失,5,124.39999999999999,7.469,16.65550943901459,6.6943365912438075,0
2026-06-01,2026-06,北美,美国,跨境电商,CUST_016,北美_游戏_016,普通客户,经营分析助手,混合云部署,0,1,1,46375,2179625,5,11,2192.64,70.31,已续费,7,2122.33,46.375,45.76452830188679,1.5094339622641508,1
2026-01-01,2026-01,中东,沙特,游戏出海,CUST_017,中东_跨境_017,普通客户,企业知识库问答,公有云API调用,1,0,0,1009,14126,10,12,18.23,1.25,未到期,0,16.98,1.009,16.828543111992072,0.0,0
2026-02-01,2026-02,中东,沙特,游戏出海,CUST_017,中东_跨境_017,普通客户,经营分析助手,专属资源包,0,1,1,20216,363888,11,15,583.5,24.03,已续费,5,559.47,20.216,27.674614166996438,2.4732884843688168,0
2026-03-01,2026-03,中东,沙特,游戏出海,CUST_017,中东_跨境_017,普通客户,大模型统一调用,混合云部署,0,1,1,13219,304037,11,9,240.59,9.12,未到期,3,231.47,13.219,17.5104016945306,2.2694606248581586,0
2026-04-01,2026-04,中东,沙特,游戏出海,CUST_017,中东_跨境_017,普通客户,大模型统一调用,专属资源包,0,1,0,6951,264138,8,11,290.63,5.86,未到期,4,284.77,6.951,40.968206013523236,5.754567688102431,0
2026-05-01,2026-05,中东,沙特,游戏出海,CUST_017,中东_跨境_017,普通客户,经营分析助手,专属资源包,0,1,1,20282,466486,4,25,914.48,35.89,流失,5,878.59,20.282,43.31870624198797,2.465240114387141,0
2026-06-01,2026-06,中东,沙特,游戏出海,CUST_017,中东_跨境_017,普通客户,大模型统一调用,私有化/专属部署,0,1,1,40711,1913417,1,23,1121.58,64.77,流失,1,1056.81,40.711,25.958831765370537,0.24563385817101027,0
2026-01-01,2026-01,欧洲,荷兰,教育科技,CUST_018,欧洲_教育_018,重点客户,大模型统一调用,混合云部署,1,1,1,19381,949669,8,19,614.65,26.52,试用中,1,588.13,19.381,30.34569939631598,0.5159692482328053,0
2026-02-01,2026-02,欧洲,荷兰,教育科技,CUST_018,欧洲_教育_018,重点客户,经营分析助手,专属资源包,0,1,1,22951,550824,15,29,684.33,50.74,流失,0,633.59,22.951,27.606204522678752,0.0,0
2026-03-01,2026-03,欧洲,荷兰,教育科技,CUST_018,欧洲_教育_018,重点客户,经营分析助手,私有化/专属部署,0,1,1,2120,97520,1,4,69.53,5.3,已续费,5,64.23,2.12,30.297169811320757,23.58490566037736,0
2026-04-01,2026-04,欧洲,荷兰,教育科技,CUST_018,欧洲_教育_018,重点客户,合同审查助手,混合云部署,0,1,1,24710,1111950,13,24,844.05,42.4,已续费,3,801.65,24.71,32.44233104006475,1.2140833670578712,0
2026-05-01,2026-05,欧洲,荷兰,教育科技,CUST_018,欧洲_教育_018,重点客户,合同审查助手,混合云部署,0,1,1,36659,403249,19,19,1195.83,85.64,未到期,5,1110.1899999999998,36.659,30.28424125044327,1.3639215472326032,1
2026-06-01,2026-06,欧洲,荷兰,教育科技,CUST_018,欧洲_教育_018,重点客户,合同审查助手,专属资源包,0,1,0,15153,742497,6,6,394.49,18.23,待续费,4,376.26,15.153,24.830726588794295,2.6397413053520755,0
2026-01-01,2026-01,北美,美国,SaaS软件,CUST_019,北美_游戏_019,普通客户,合同审查助手,私有化/专属部署,1,1,1,8783,237141,1,15,342.92,20.33,试用中,4,322.59000000000003,8.783,36.72890811795514,4.5542525333029715,0
2026-02-01,2026-02,北美,美国,SaaS软件,CUST_019,北美_游戏_019,普通客户,智能客服Agent,专属资源包,0,1,1,39727,1469899,9,22,520.14,5.42,已续费,0,514.72,39.727,12.956427618496239,0.0,0
2026-03-01,2026-03,北美,美国,SaaS软件,CUST_019,北美_游戏_019,普通客户,企业知识库问答,混合云部署,0,1,1,12053,554438,14,4,180.63,16.63,已续费,7,164.0,12.053,13.606570978179706,5.807682734588899,0
2026-04-01,2026-04,北美,美国,SaaS软件,CUST_019,北美_游戏_019,普通客户,企业知识库问答,公有云API调用,0,1,1,3708,66744,9,10,156.16,0.07,流失,0,156.09,3.708,42.09546925566343,0.0,0
2026-05-01,2026-05,北美,美国,SaaS软件,CUST_019,北美_游戏_019,普通客户,经营分析助手,私有化/专属部署,0,1,1,35393,707860,6,2,1013.23,48.72,试用中,2,964.51,35.393,27.25143389935863,0.5650834910858079,0
2026-06-01,2026-06,北美,美国,SaaS软件,CUST_019,北美_游戏_019,普通客户,经营分析助手,混合云部署,0,1,1,5971,197043,7,20,159.77,14.62,未到期,5,145.15,5.971,24.3091609445654,8.373806732540613,0
2026-01-01,2026-01,拉美,墨西哥,教育科技,CUST_020,拉美_Sa_020,普通客户,企业知识库问答,混合云部署,1,1,1,20097,743589,18,21,615.11,60.01,流失,5,555.1,20.097,27.62103796586555,2.487933522416281,0
2026-02-01,2026-02,拉美,墨西哥,教育科技,CUST_020,拉美_Sa_020,普通客户,大模型统一调用,公有云API调用,0,1,1,32195,1577555,17,7,1088.69,7.3,试用中,2,1081.39,32.195,33.588756018015225,0.6212144742972511,1
2026-03-01,2026-03,拉美,墨西哥,教育科技,CUST_020,拉美_Sa_020,普通客户,经营分析助手,混合云部署,0,1,1,28965,1187565,17,13,727.28,60.84,未到期,2,666.4399999999999,28.965,23.008458484377694,0.6904885206283445,0
2026-04-01,2026-04,拉美,墨西哥,教育科技,CUST_020,拉美_Sa_020,普通客户,合同审查助手,私有化/专属部署,0,1,1,49302,542322,17,18,1473.17,112.75,流失,6,1360.42,49.302,27.593606750233256,1.2169891687963976,1
2026-05-01,2026-05,拉美,墨西哥,教育科技,CUST_020,拉美_Sa_020,普通客户,经营分析助手,专属资源包,0,1,1,41806,501672,10,10,1918.78,101.04,流失,7,1817.74,41.806,43.48036167057361,1.6744008037123856,1
2026-06-01,2026-06,拉美,墨西哥,教育科技,CUST_020,拉美_Sa_020,普通客户,企业知识库问答,私有化/专属部署,0,1,1,20846,792148,8,1,668.51,16.97,流失,7,651.54,20.846,31.25491701045764,3.3579583613163195,0
2026-01-01,2026-01,欧洲,法国,教育科技,CUST_021,欧洲_Sa_021,战略客户,经营分析助手,公有云API调用,1,0,1,32480,1494080,3,19,1172.85,27.94,流失,5,1144.9099999999999,32.48,35.2496921182266,1.5394088669950738,1
2026-02-01,2026-02,欧洲,法国,教育科技,CUST_021,欧洲_Sa_021,战略客户,合同审查助手,混合云部署,0,1,1,10503,262575,4,20,385.71,7.91,已续费,6,377.79999999999995,10.503,35.97067504522517,5.712653527563553,0
2026-03-01,2026-03,欧洲,法国,教育科技,CUST_021,欧洲_Sa_021,战略客户,经营分析助手,专属资源包,0,1,1,5425,86800,1,23,238.29,2.93,试用中,1,235.35999999999999,5.425,43.38433179723502,1.8433179723502304,0
2026-04-01,2026-04,欧洲,法国,教育科技,CUST_021,欧洲_Sa_021,战略客户,大模型统一调用,公有云API调用,0,1,1,9705,97050,15,5,229.74,5.96,流失,3,223.78,9.705,23.058217413704277,3.0911901081916535,0
2026-05-01,2026-05,欧洲,法国,教育科技,CUST_021,欧洲_Sa_021,战略客户,大模型统一调用,公有云API调用,0,1,1,15596,717416,6,9,428.03,12.6,未到期,7,415.42999999999995,15.596,26.63695819440882,4.488330341113105,0
2026-06-01,2026-06,欧洲,法国,教育科技,CUST_021,欧洲_Sa_021,战略客户,经营分析助手,专属资源包,0,0,1,46648,886312,14,23,1958.95,83.3,流失,7,1875.65,46.648,40.20858343337335,1.5006002400960385,1
2026-01-01,2026-01,东南亚,新加坡,游戏出海,CUST_022,东南_游戏_022,试用客户,企业知识库问答,公有云API调用,1,1,1,37801,1285234,7,9,588.72,49.15,待续费,4,539.57,37.801,14.273961006322585,1.0581730642046507,0
2026-02-01,2026-02,东南亚,新加坡,游戏出海,CUST_022,东南_游戏_022,试用客户,经营分析助手,私有化/专属部署,0,1,0,9996,199920,6,18,311.74,25.41,已续费,4,286.33,9.996,28.644457783113243,4.001600640256102,0
2026-03-01,2026-03,东南亚,新加坡,游戏出海,CUST_022,东南_游戏_022,试用客户,经营分析助手,私有化/专属部署,0,1,1,32896,1546112,12,23,469.2,6.57,待续费,2,462.63,32.896,14.063411964980544,0.607976653696498,0
2026-04-01,2026-04,东南亚,新加坡,游戏出海,CUST_022,东南_游戏_022,试用客户,经营分析助手,私有化/专属部署,0,1,1,5263,226309,12,13,192.63,3.38,流失,3,189.25,5.263,35.95857875736272,5.700171005130154,0
2026-05-01,2026-05,东南亚,新加坡,游戏出海,CUST_022,东南_游戏_022,试用客户,合同审查助手,公有云API调用,0,1,1,30373,334103,11,1,404.32,24.39,流失,7,379.93,30.373,12.508807164257728,2.3046784973496197,0
2026-06-01,2026-06,东南亚,新加坡,游戏出海,CUST_022,东南_游戏_022,试用客户,智能客服Agent,公有云API调用,0,1,1,25063,1127835,17,27,548.5,31.07,待续费,5,517.43,25.063,20.645174161113992,1.9949726688744365,0
2026-01-01,2026-01,拉美,巴西,教育科技,CUST_023,拉美_教育_023,试用客户,企业知识库问答,公有云API调用,1,1,0,30077,421078,1,26,338.29,8.87,未到期,5,329.42,30.077,10.952555108554709,1.6623998404096154,0
2026-02-01,2026-02,拉美,巴西,教育科技,CUST_023,拉美_教育_023,试用客户,智能客服Agent,专属资源包,0,1,1,25058,1077494,9,26,725.92,25.0,已续费,4,700.92,25.058,27.97190517998244,1.5962965919067764,0
2026-03-01,2026-03,拉美,巴西,教育科技,CUST_023,拉美_教育_023,试用客户,智能客服Agent,专属资源包,0,1,1,10130,496370,10,25,201.14,16.48,已续费,5,184.66,10.13,18.229022704837117,4.93583415597236,0
2026-04-01,2026-04,拉美,巴西,教育科技,CUST_023,拉美_教育_023,试用客户,企业知识库问答,混合云部署,0,1,1,21581,927983,12,19,487.38,39.35,未到期,0,448.03,21.581,20.760391084750474,0.0,0
2026-05-01,2026-05,拉美,巴西,教育科技,CUST_023,拉美_教育_023,试用客户,大模型统一调用,专属资源包,0,1,1,29470,618870,16,24,1188.69,75.95,流失,7,1112.74,29.47,37.75839837122498,2.375296912114014,1
2026-06-01,2026-06,拉美,巴西,教育科技,CUST_023,拉美_教育_023,试用客户,合同审查助手,私有化/专属部署,0,0,1,6319,214846,18,25,226.64,15.71,已续费,7,210.92999999999998,6.319,33.38028169014084,11.077702168064567,0
2026-01-01,2026-01,拉美,墨西哥,跨境电商,CUST_024,拉美_Sa_024,战略客户,大模型统一调用,公有云API调用,1,1,0,38641,966025,7,17,665.51,37.8,已续费,4,627.71,38.641,16.24466240521726,1.0351698972593877,0
2026-02-01,2026-02,拉美,墨西哥,跨境电商,CUST_024,拉美_Sa_024,战略客户,合同审查助手,公有云API调用,0,1,1,25070,451260,19,16,366.3,15.45,试用中,3,350.85,25.07,13.994814519345832,1.1966493817311528,0
2026-03-01,2026-03,拉美,墨西哥,跨境电商,CUST_024,拉美_Sa_024,战略客户,智能客服Agent,私有化/专属部署,0,1,1,26510,1166440,18,27,1144.08,4.23,试用中,3,1139.85,26.51,42.99698227084119,1.131648434552999,1
2026-04-01,2026-04,拉美,墨西哥,跨境电商,CUST_024,拉美_Sa_024,战略客户,经营分析助手,混合云部署,0,0,1,14409,172908,5,11,339.98,24.64,已续费,0,315.34000000000003,14.409,21.884933027968632,0.0,0
2026-05-01,2026-05,拉美,墨西哥,跨境电商,CUST_024,拉美_Sa_024,战略客户,智能客服Agent,专属资源包,0,1,1,45547,1730786,13,18,1403.15,59.89,未到期,2,1343.26,45.547,29.491733813423497,0.4391068566535666,1
2026-06-01,2026-06,拉美,墨西哥,跨境电商,CUST_024,拉美_Sa_024,战略客户,合同审查助手,公有云API调用,0,0,0,1545,60255,13,13,39.18,3.65,试用中,4,35.53,1.545,22.996763754045308,25.889967637540455,0
2026-01-01,2026-01,拉美,墨西哥,跨境电商,CUST_025,拉美_金融_025,普通客户,智能客服Agent,私有化/专属部署,1,1,0,30629,1163902,12,25,1017.81,27.65,试用中,6,990.16,30.629,32.32753273041888,1.9589278135100723,0
2026-02-01,2026-02,拉美,墨西哥,跨境电商,CUST_025,拉美_金融_025,普通客户,经营分析助手,私有化/专属部署,0,1,1,4430,128470,5,1,86.61,0.96,未到期,3,85.65,4.43,19.33408577878104,6.772009029345372,0
2026-03-01,2026-03,拉美,墨西哥,跨境电商,CUST_025,拉美_金融_025,普通客户,大模型统一调用,私有化/专属部署,0,1,1,33913,1559998,16,1,1574.02,7.1,未到期,3,1566.92,33.913,46.20411051809042,0.8846165187391265,1
2026-04-01,2026-04,拉美,墨西哥,跨境电商,CUST_025,拉美_金融_025,普通客户,经营分析助手,混合云部署,0,1,1,32883,1512618,5,11,1102.97,108.35,未到期,5,994.62,32.883,30.24724021530882,1.5205425295745523,0
2026-05-01,2026-05,拉美,墨西哥,跨境电商,CUST_025,拉美_金融_025,普通客户,经营分析助手,私有化/专属部署,0,1,1,35636,1532348,7,20,448.99,18.03,流失,2,430.96000000000004,35.636,12.09338870804804,0.5612302166348636,0
2026-06-01,2026-06,拉美,墨西哥,跨境电商,CUST_025,拉美_金融_025,普通客户,企业知识库问答,混合云部署,0,1,1,37332,709308,11,2,946.87,3.48,已续费,4,943.39,37.332,25.270277509911068,1.0714668381013608,0
2026-01-01,2026-01,中东,阿联酋,跨境电商,CUST_026,中东_教育_026,普通客户,大模型统一调用,私有化/专属部署,1,1,1,9245,295840,17,9,435.53,43.33,试用中,1,392.2,9.245,42.42293131422391,1.0816657652785289,0
2026-02-01,2026-02,中东,阿联酋,跨境电商,CUST_026,中东_教育_026,普通客户,大模型统一调用,混合云部署,0,1,1,26425,687050,3,3,501.48,11.22,流失,5,490.26,26.425,18.552885525070955,1.8921475875118259,0
2026-03-01,2026-03,中东,阿联酋,跨境电商,CUST_026,中东_教育_026,普通客户,经营分析助手,私有化/专属部署,0,1,0,18764,806852,11,9,481.24,13.14,待续费,1,468.1,18.764,24.94670645917715,0.5329354082285227,0
2026-04-01,2026-04,中东,阿联酋,跨境电商,CUST_026,中东_教育_026,普通客户,企业知识库问答,公有云API调用,0,1,1,26931,484758,15,8,1272.86,93.58,待续费,5,1179.28,26.931,43.788942111321525,1.856596487319446,1
2026-05-01,2026-05,中东,阿联酋,跨境电商,CUST_026,中东_教育_026,普通客户,经营分析助手,专属资源包,0,1,1,15663,219282,16,26,490.32,47.17,流失,4,443.15,15.663,28.292791930026173,2.553789184702803,0
2026-06-01,2026-06,中东,阿联酋,跨境电商,CUST_026,中东_教育_026,普通客户,大模型统一调用,混合云部署,0,1,1,46648,2285752,13,29,2157.96,123.29,待续费,4,2034.67,46.648,43.617518435945804,0.8574858514834506,1
2026-01-01,2026-01,拉美,巴西,跨境电商,CUST_027,拉美_Sa_027,普通客户,智能客服Agent,混合云部署,1,1,1,35080,526200,19,16,1274.74,108.43,待续费,2,1166.31,35.08,33.24714937286203,0.5701254275940707,1
2026-02-01,2026-02,拉美,巴西,跨境电商,CUST_027,拉美_Sa_027,普通客户,企业知识库问答,混合云部署,0,1,0,33088,1488960,6,28,540.8,47.64,已续费,6,493.15999999999997,33.088,14.904497098646033,1.8133462282398451,0
2026-03-01,2026-03,拉美,巴西,跨境电商,CUST_027,拉美_Sa_027,普通客户,合同审查助手,私有化/专属部署,0,1,1,13713,260547,11,21,544.96,8.76,待续费,4,536.2,13.713,39.10158244002042,2.916940129803836,0
2026-04-01,2026-04,拉美,巴西,跨境电商,CUST_027,拉美_Sa_027,普通客户,合同审查助手,私有化/专属部署,0,1,1,27123,1301904,2,13,940.55,92.29,试用中,3,848.26,27.123,31.27456402315378,1.1060723371308483,0
2026-05-01,2026-05,拉美,巴西,跨境电商,CUST_027,拉美_Sa_027,普通客户,智能客服Agent,专属资源包,0,0,1,38311,1264263,13,3,579.95,16.43,未到期,1,563.5200000000001,38.311,14.709091383675709,0.2610216386938477,0
2026-06-01,2026-06,拉美,巴西,跨境电商,CUST_027,拉美_Sa_027,普通客户,企业知识库问答,混合云部署,0,1,1,2435,58440,5,29,101.18,1.76,流失,7,99.42,2.435,40.82956878850103,28.747433264887064,0
2026-01-01,2026-01,拉美,巴西,金融科技,CUST_028,拉美_游戏_028,重点客户,大模型统一调用,专属资源包,1,0,1,15859,491629,17,10,459.01,2.66,流失,5,456.34999999999997,15.859,28.775458730058638,3.1527839081909326,0
2026-02-01,2026-02,拉美,巴西,金融科技,CUST_028,拉美_游戏_028,重点客户,经营分析助手,混合云部署,0,1,0,38567,1465546,12,4,1384.67,82.3,未到期,0,1302.3700000000001,38.567,33.769025332538185,0.0,1
2026-03-01,2026-03,拉美,巴西,金融科技,CUST_028,拉美_游戏_028,重点客户,智能客服Agent,私有化/专属部署,0,1,1,8813,211512,19,11,329.01,14.67,已续费,0,314.34,8.813,35.667763531147166,0.0,0
2026-04-01,2026-04,拉美,巴西,金融科技,CUST_028,拉美_游戏_028,重点客户,经营分析助手,专属资源包,0,1,1,24650,542300,9,7,766.15,63.28,待续费,6,702.87,24.65,28.51399594320487,2.4340770791075053,0
2026-05-01,2026-05,拉美,巴西,金融科技,CUST_028,拉美_游戏_028,重点客户,大模型统一调用,私有化/专属部署,0,0,1,14261,413569,11,27,637.78,61.43,流失,6,576.35,14.261,40.41441694130847,4.207278591964098,0
2026-06-01,2026-06,拉美,巴西,金融科技,CUST_028,拉美_游戏_028,重点客户,大模型统一调用,私有化/专属部署,0,1,1,17335,797410,6,19,363.49,35.77,流失,6,327.72,17.335,18.90510527833862,3.461205653302567,0
2026-01-01,2026-01,拉美,巴西,金融科技,CUST_029,拉美_Sa_029,试用客户,大模型统一调用,私有化/专属部署,1,1,1,12425,546700,17,25,479.57,26.99,待续费,3,452.58,12.425,36.42494969818913,2.4144869215291753,0
2026-02-01,2026-02,拉美,巴西,金融科技,CUST_029,拉美_Sa_029,试用客户,经营分析助手,私有化/专属部署,0,1,1,40341,1371594,17,29,1656.56,127.71,待续费,2,1528.85,40.341,37.89816811680424,0.49577353065119856,1
2026-03-01,2026-03,拉美,巴西,金融科技,CUST_029,拉美_Sa_029,试用客户,合同审查助手,专属资源包,0,1,0,18343,605319,3,20,767.87,36.97,未到期,3,730.9,18.343,39.846262879572585,1.6355012811426701,0
2026-04-01,2026-04,拉美,巴西,金融科技,CUST_029,拉美_Sa_029,试用客户,企业知识库问答,私有化/专属部署,0,1,1,35531,639558,6,16,1053.98,6.77,未到期,7,1047.21,35.531,29.47313613464299,1.9701106076384003,0
2026-05-01,2026-05,拉美,巴西,金融科技,CUST_029,拉美_Sa_029,试用客户,大模型统一调用,专属资源包,0,1,1,17967,359340,13,17,188.02,1.36,已续费,6,186.66,17.967,10.389046585406579,3.3394556687259978,0
2026-06-01,2026-06,拉美,巴西,金融科技,CUST_029,拉美_Sa_029,试用客户,企业知识库问答,混合云部署,0,1,1,42125,1727125,11,13,1696.89,161.65,待续费,2,1535.24,42.125,36.44486646884273,0.4747774480712166,1
2026-01-01,2026-01,东南亚,新加坡,金融科技,CUST_030,东南_金融_030,重点客户,大模型统一调用,私有化/专属部署,1,1,1,47167,1226342,12,25,1548.78,2.84,未到期,0,1545.94,47.167,32.77588144253397,0.0,1
2026-02-01,2026-02,东南亚,新加坡,金融科技,CUST_030,东南_金融_030,重点客户,企业知识库问答,私有化/专属部署,0,1,0,9905,485345,18,28,127.74,6.82,已续费,4,120.91999999999999,9.905,12.207975769813226,4.038364462392731,0
2026-03-01,2026-03,东南亚,新加坡,金融科技,CUST_030,东南_金融_030,重点客户,合同审查助手,专属资源包,0,1,1,48219,1687665,7,2,2367.49,47.55,待续费,1,2319.9399999999996,48.219,48.11256973392231,0.2073871295547398,1
2026-04-01,2026-04,东南亚,新加坡,金融科技,CUST_030,东南_金融_030,重点客户,智能客服Agent,专属资源包,0,1,0,10078,493822,11,29,385.57,1.22,待续费,7,384.34999999999997,10.078,38.13752728716015,6.945822583846001,0
2026-05-01,2026-05,东南亚,新加坡,金融科技,CUST_030,东南_金融_030,重点客户,智能客服Agent,公有云API调用,0,1,1,34320,720720,8,8,1323.5,106.11,试用中,6,1217.39,34.32,35.4717365967366,1.7482517482517483,1
2026-06-01,2026-06,东南亚,新加坡,金融科技,CUST_030,东南_金融_030,重点客户,合同审查助手,专属资源包,0,1,0,34226,992554,16,4,1160.23,90.94,流失,3,1069.29,34.226,31.24203821656051,0.8765266171916087,0
2026-01-01,2026-01,东南亚,印尼,跨境电商,CUST_031,东南_Sa_031,战略客户,智能客服Agent,公有云API调用,1,1,1,30545,702535,11,18,379.19,9.37,试用中,1,369.82,30.545,12.10738255033557,0.3273858241938124,0
2026-02-01,2026-02,东南亚,印尼,跨境电商,CUST_031,东南_Sa_031,战略客户,合同审查助手,混合云部署,0,0,0,32890,1480050,13,8,1475.88,64.0,流失,5,1411.88,32.89,42.92733353602919,1.5202189115232594,1
2026-03-01,2026-03,东南亚,印尼,跨境电商,CUST_031,东南_Sa_031,战略客户,经营分析助手,私有化/专属部署,0,1,1,40825,1143100,5,24,2000.09,130.07,已续费,4,1870.02,40.825,45.80575627679118,0.9797917942437233,1
2026-04-01,2026-04,东南亚,印尼,跨境电商,CUST_031,东南_Sa_031,战略客户,智能客服Agent,私有化/专属部署,0,1,1,17309,415416,1,7,493.39,42.84,流失,3,450.54999999999995,17.309,26.029811080940547,1.7332023802646022,0
2026-05-01,2026-05,东南亚,印尼,跨境电商,CUST_031,东南_Sa_031,战略客户,智能客服Agent,公有云API调用,0,1,1,48908,635804,12,20,1476.72,80.23,流失,1,1396.49,48.908,28.553406395681687,0.20446552711212893,1
2026-06-01,2026-06,东南亚,印尼,跨境电商,CUST_031,东南_Sa_031,战略客户,经营分析助手,公有云API调用,0,1,1,32860,1412980,4,2,1114.25,88.36,试用中,1,1025.89,32.86,31.22002434570907,0.30432136335970783,0
2026-01-01,2026-01,中东,阿联酋,游戏出海,CUST_032,中东_Sa_032,重点客户,智能客服Agent,专属资源包,1,1,1,43229,907809,3,13,1237.75,103.48,已续费,3,1134.27,43.229,26.23863610076569,0.6939785791945222,1
2026-02-01,2026-02,中东,阿联酋,游戏出海,CUST_032,中东_Sa_032,重点客户,大模型统一调用,私有化/专属部署,0,1,0,24279,946881,10,12,604.89,31.01,未到期,0,573.88,24.279,23.636887845463157,0.0,0
2026-03-01,2026-03,中东,阿联酋,游戏出海,CUST_032,中东_Sa_032,重点客户,企业知识库问答,公有云API调用,0,1,1,36133,831059,7,25,1319.03,12.57,试用中,3,1306.46,36.133,36.156975617856254,0.8302659618631167,1
2026-04-01,2026-04,中东,阿联酋,游戏出海,CUST_032,中东_Sa_032,重点客户,经营分析助手,专属资源包,0,1,1,3113,136972,5,5,71.62,5.54,试用中,6,66.08,3.113,21.227112110504336,19.274012206874396,0
2026-05-01,2026-05,中东,阿联酋,游戏出海,CUST_032,中东_Sa_032,重点客户,经营分析助手,混合云部署,0,1,1,40198,803960,10,3,1112.72,36.82,流失,0,1075.9,40.198,26.76501318473556,0.0,1
2026-06-01,2026-06,中东,阿联酋,游戏出海,CUST_032,中东_Sa_032,重点客户,合同审查助手,混合云部署,0,1,1,43240,605360,8,11,2073.07,52.35,待续费,2,2020.7200000000003,43.24,46.73265494912119,0.46253469010175763,1
2026-01-01,2026-01,中东,阿联酋,SaaS软件,CUST_033,中东_金融_033,试用客户,大模型统一调用,公有云API调用,1,1,1,7116,149436,5,17,311.44,25.09,试用中,3,286.35,7.116,40.24030354131535,4.2158516020236085,0
2026-02-01,2026-02,中东,阿联酋,SaaS软件,CUST_033,中东_金融_033,试用客户,智能客服Agent,专属资源包,0,1,0,18658,541082,18,14,229.19,12.17,已续费,6,217.02,18.658,11.631471754743274,3.215778754421696,0
2026-03-01,2026-03,中东,阿联酋,SaaS软件,CUST_033,中东_金融_033,试用客户,合同审查助手,公有云API调用,0,1,1,2058,30870,5,21,27.87,0.29,已续费,3,27.580000000000002,2.058,13.40136054421769,14.577259475218659,0
2026-04-01,2026-04,中东,阿联酋,SaaS软件,CUST_033,中东_金融_033,试用客户,企业知识库问答,专属资源包,0,1,1,36057,1189881,11,2,826.61,80.44,试用中,2,746.1700000000001,36.057,20.694178661563637,0.5546773164711429,0
2026-05-01,2026-05,中东,阿联酋,SaaS软件,CUST_033,中东_金融_033,试用客户,智能客服Agent,专属资源包,0,1,1,4249,135968,12,6,66.23,0.2,未到期,1,66.03,4.249,15.540127088726761,2.353494939985879,0
2026-06-01,2026-06,中东,阿联酋,SaaS软件,CUST_033,中东_金融_033,试用客户,经营分析助手,混合云部署,0,1,1,18275,310675,18,21,251.39,16.91,试用中,5,234.48,18.275,12.830642954856362,2.735978112175103,0
2026-01-01,2026-01,欧洲,法国,教育科技,CUST_034,欧洲_金融_034,普通客户,经营分析助手,私有化/专属部署,1,1,1,49320,1726200,11,10,527.76,12.89,未到期,0,514.87,49.32,10.439375506893755,0.0,0
2026-02-01,2026-02,欧洲,法国,教育科技,CUST_034,欧洲_金融_034,普通客户,企业知识库问答,私有化/专属部署,0,1,1,30259,1089324,8,25,1137.17,76.93,待续费,4,1060.24,30.259,35.03883142205625,1.3219207508509865,0
2026-03-01,2026-03,欧洲,法国,教育科技,CUST_034,欧洲_金融_034,普通客户,经营分析助手,公有云API调用,0,1,1,43287,606018,9,26,1036.42,16.51,已续费,0,1019.9100000000001,43.287,23.561577378889737,0.0,0
2026-04-01,2026-04,欧洲,法国,教育科技,CUST_034,欧洲_金融_034,普通客户,合同审查助手,专属资源包,0,1,1,8848,300832,16,13,365.38,20.72,流失,4,344.65999999999997,8.848,38.95343580470162,4.520795660036166,0
2026-05-01,2026-05,欧洲,法国,教育科技,CUST_034,欧洲_金融_034,普通客户,智能客服Agent,专属资源包,0,1,1,36941,480233,6,19,1563.12,119.15,已续费,2,1443.9699999999998,36.941,39.08854660133726,0.5414038602095232,1
2026-06-01,2026-06,欧洲,法国,教育科技,CUST_034,欧洲_金融_034,普通客户,合同审查助手,专属资源包,0,1,1,4712,155496,7,25,109.01,6.87,未到期,2,102.14,4.712,21.676570458404075,4.244482173174872,0
2026-01-01,2026-01,中东,沙特,游戏出海,CUST_035,中东_跨境_035,重点客户,智能客服Agent,专属资源包,1,0,1,36643,1392434,1,17,1166.25,51.83,待续费,7,1114.42,36.643,30.41290287367301,1.9103239363589226,1
2026-02-01,2026-02,中东,沙特,游戏出海,CUST_035,中东_跨境_035,重点客户,大模型统一调用,私有化/专属部署,0,1,0,26537,477666,3,21,1181.78,61.34,流失,1,1120.44,26.537,42.22180351961413,0.37683234728869125,1
2026-03-01,2026-03,中东,沙特,游戏出海,CUST_035,中东_跨境_035,重点客户,智能客服Agent,混合云部署,0,1,1,5760,120960,5,2,178.93,4.4,待续费,6,174.53,5.76,30.300347222222225,10.416666666666668,0
2026-04-01,2026-04,中东,沙特,游戏出海,CUST_035,中东_跨境_035,重点客户,经营分析助手,私有化/专属部署,0,1,1,17173,515190,11,23,787.7,5.61,试用中,2,782.09,17.173,45.541838933209114,1.16461887847202,0
2026-05-01,2026-05,中东,沙特,游戏出海,CUST_035,中东_跨境_035,重点客户,大模型统一调用,混合云部署,0,1,1,45814,595582,13,22,814.68,13.55,流失,5,801.13,45.814,17.486576155760247,1.0913694503863447,0
2026-06-01,2026-06,中东,沙特,游戏出海,CUST_035,中东_跨境_035,重点客户,智能客服Agent,公有云API调用,0,1,1,37378,1420364,15,28,1179.89,36.73,流失,0,1143.16,37.378,30.583765851570444,0.0,1
2026-01-01,2026-01,东南亚,马来西亚,SaaS软件,CUST_036,东南_跨境_036,重点客户,合同审查助手,私有化/专属部署,1,1,1,44596,579748,11,7,1660.97,30.14,未到期,7,1630.83,44.596,36.56897479594583,1.5696475020181182,1
2026-02-01,2026-02,东南亚,马来西亚,SaaS软件,CUST_036,东南_跨境_036,重点客户,智能客服Agent,专属资源包,0,0,1,49368,2221560,4,22,2085.29,114.74,试用中,2,1970.55,49.368,39.91553232863393,0.40512072597634097,1
2026-03-01,2026-03,东南亚,马来西亚,SaaS软件,CUST_036,东南_跨境_036,重点客户,大模型统一调用,公有云API调用,0,1,1,23668,733708,9,26,437.43,26.73,待续费,7,410.7,23.668,17.352543518675006,2.9575798546560756,0
2026-04-01,2026-04,东南亚,马来西亚,SaaS软件,CUST_036,东南_跨境_036,重点客户,大模型统一调用,公有云API调用,0,1,1,7295,182375,17,26,147.55,4.46,已续费,6,143.09,7.295,19.614804660726527,8.22481151473612,0
2026-05-01,2026-05,东南亚,马来西亚,SaaS软件,CUST_036,东南_跨境_036,重点客户,经营分析助手,混合云部署,0,1,0,37041,1259394,18,19,1294.74,58.49,待续费,2,1236.25,37.041,33.37517885586242,0.5399422261817985,1
2026-06-01,2026-06,东南亚,马来西亚,SaaS软件,CUST_036,东南_跨境_036,重点客户,企业知识库问答,混合云部署,0,1,1,18633,782586,17,22,203.95,13.09,流失,1,190.85999999999999,18.633,10.243117050394462,0.5366822304513498,0
2026-01-01,2026-01,拉美,巴西,跨境电商,CUST_037,拉美_跨境_037,战略客户,智能客服Agent,混合云部署,1,1,1,10160,233680,13,29,125.36,1.78,待续费,1,123.58,10.16,12.163385826771654,0.984251968503937,0
2026-02-01,2026-02,拉美,巴西,跨境电商,CUST_037,拉美_跨境_037,战略客户,经营分析助手,私有化/专属部署,0,1,1,29482,1415136,9,17,313.48,10.69,待续费,5,302.79,29.482,10.270334441354047,1.695950071229903,0
2026-03-01,2026-03,拉美,巴西,跨境电商,CUST_037,拉美_跨境_037,战略客户,智能客服Agent,专属资源包,0,1,0,11793,483513,7,13,155.39,1.33,待续费,7,154.05999999999997,11.793,13.063681845162384,5.935724582379377,0
2026-04-01,2026-04,拉美,巴西,跨境电商,CUST_037,拉美_跨境_037,战略客户,经营分析助手,混合云部署,0,0,1,11106,166590,9,7,141.9,7.37,待续费,2,134.53,11.106,12.113272105168377,1.8008283810552854,0
2026-05-01,2026-05,拉美,巴西,跨境电商,CUST_037,拉美_跨境_037,战略客户,经营分析助手,公有云API调用,0,1,1,5255,157650,8,6,177.16,12.05,流失,5,165.10999999999999,5.255,31.419600380589912,9.514747859181732,0
2026-06-01,2026-06,拉美,巴西,跨境电商,CUST_037,拉美_跨境_037,战略客户,智能客服Agent,私有化/专属部署,0,1,1,33581,369391,12,2,823.33,81.96,待续费,5,741.37,33.581,22.077067389297518,1.4889371966290463,0
2026-01-01,2026-01,欧洲,德国,金融科技,CUST_038,欧洲_跨境_038,战略客户,合同审查助手,公有云API调用,1,1,1,45843,2062935,5,13,1622.77,122.49,流失,5,1500.28,45.843,32.72647950614052,1.0906790567807518,1
2026-02-01,2026-02,欧洲,德国,金融科技,CUST_038,欧洲_跨境_038,战略客户,大模型统一调用,公有云API调用,0,1,1,34400,860000,12,17,757.97,74.37,试用中,6,683.6,34.4,19.872093023255815,1.744186046511628,0
2026-03-01,2026-03,欧洲,德国,金融科技,CUST_038,欧洲_跨境_038,战略客户,经营分析助手,混合云部署,0,1,1,38211,1872339,5,20,1798.98,97.14,未到期,5,1701.84,38.211,44.53796027321975,1.3085237235351077,1
2026-04-01,2026-04,欧洲,德国,金融科技,CUST_038,欧洲_跨境_038,战略客户,企业知识库问答,私有化/专属部署,0,1,0,27342,1121022,1,21,1176.87,92.03,试用中,0,1084.84,27.342,39.67668787945286,0.0,1
2026-05-01,2026-05,欧洲,德国,金融科技,CUST_038,欧洲_跨境_038,战略客户,经营分析助手,混合云部署,0,1,1,6782,74602,9,21,161.77,3.87,未到期,5,157.9,6.782,23.282217634915956,7.372456502506635,0
2026-06-01,2026-06,欧洲,德国,金融科技,CUST_038,欧洲_跨境_038,战略客户,企业知识库问答,私有化/专属部署,0,1,1,19073,247949,18,23,314.14,24.7,试用中,3,289.44,19.073,15.175378807738689,1.5729041052797148,0
2026-01-01,2026-01,拉美,巴西,教育科技,CUST_039,拉美_金融_039,重点客户,企业知识库问答,私有化/专属部署,1,1,1,37875,1780125,18,13,955.39,83.88,流失,7,871.51,37.875,23.01016501650165,1.8481848184818481,0
2026-02-01,2026-02,拉美,巴西,教育科技,CUST_039,拉美_金融_039,重点客户,经营分析助手,公有云API调用,0,1,1,32750,753250,9,15,855.4,14.84,未到期,3,840.56,32.75,25.66595419847328,0.916030534351145,0
2026-03-01,2026-03,拉美,巴西,教育科技,CUST_039,拉美_金融_039,重点客户,大模型统一调用,专属资源包,0,1,0,49895,948005,2,25,1455.65,45.67,已续费,7,1409.98,49.895,28.258943781942076,1.4029461869926847,1
2026-04-01,2026-04,拉美,巴西,教育科技,CUST_039,拉美_金融_039,重点客户,合同审查助手,公有云API调用,0,1,1,38685,464220,3,9,1663.77,110.86,试用中,3,1552.91,38.685,40.142432467364614,0.7754943776657619,1
2026-05-01,2026-05,拉美,巴西,教育科技,CUST_039,拉美_金融_039,重点客户,经营分析助手,公有云API调用,0,1,1,17920,430080,4,13,573.1,55.35,已续费,5,517.75,17.92,28.892299107142854,2.790178571428571,0
2026-06-01,2026-06,拉美,巴西,教育科技,CUST_039,拉美_金融_039,重点客户,智能客服Agent,混合云部署,0,1,1,29179,787833,6,29,312.43,18.83,未到期,4,293.6,29.179,10.062030912642655,1.370848898180198,0
2026-01-01,2026-01,拉美,巴西,SaaS软件,CUST_040,拉美_Sa_040,试用客户,企业知识库问答,混合云部署,1,1,1,43913,834347,2,11,1763.99,109.28,待续费,0,1654.71,43.913,37.68155215995264,0.0,1
2026-02-01,2026-02,拉美,巴西,SaaS软件,CUST_040,拉美_Sa_040,试用客户,大模型统一调用,私有化/专属部署,0,1,0,30794,923820,9,28,681.5,6.89,流失,3,674.61,30.794,21.907189712281614,0.9742157563161654,0
2026-03-01,2026-03,拉美,巴西,SaaS软件,CUST_040,拉美_Sa_040,试用客户,经营分析助手,混合云部署,0,1,1,47851,2296848,8,17,923.8,20.4,已续费,5,903.4,47.851,18.87943825625379,1.0449102422101941,0
2026-04-01,2026-04,拉美,巴西,SaaS软件,CUST_040,拉美_Sa_040,试用客户,经营分析助手,专属资源包,0,1,1,16422,755412,3,7,509.41,24.53,流失,4,484.88,16.422,29.526245280720982,2.435756911460236,0
2026-05-01,2026-05,拉美,巴西,SaaS软件,CUST_040,拉美_Sa_040,试用客户,企业知识库问答,专属资源包,0,1,1,5481,197316,6,15,182.44,12.42,未到期,4,170.02,5.481,31.01988688195585,7.297938332421091,0
2026-06-01,2026-06,拉美,巴西,SaaS软件,CUST_040,拉美_Sa_040,试用客户,合同审查助手,混合云部署,0,1,1,23740,830900,18,13,1164.09,93.31,待续费,2,1070.78,23.74,45.1044650379107,0.8424599831508003,1
